split,class,median_ar,p5_ar,p95_ar,n
test,Amaranth,1.035286588235297,0.531915907639472,1.9998933390219418,517
train,Amaranth,1.0090990492514618,0.5333222397869976,2.000014222323361,2461
val,Amaranth,0.9632069655253139,0.42854556725236476,2.037063374672888,506
test,Bean,0.9574789682528825,0.5961245443065732,1.6829189482819995,161
train,Bean,0.9999993962235008,0.6249950000400004,1.7714533356007727,742
val,Bean,0.9730532599556645,0.5999747656220014,2.000020479947571,158
test,Chamomile,0.9864501014193858,0.5416879447565272,2.0832488933923172,412
train,Chamomile,0.9596765249073232,0.44444977773511257,1.8425515423838628,1902
val,Chamomile,0.9955302780519047,0.5217318715565673,2.000174550532416,407
test,Chickweed,0.996963634687851,0.6363955042712847,1.4857101062370863,32
train,Chickweed,0.9999520003839831,0.5543362344287268,1.6155300419464758,151
val,Chickweed,0.9660478801917092,0.5952448072460057,1.5774643062858227,36
test,Corn spurry,0.9492358857088652,0.5344865065274298,1.9524133159818051,137
train,Corn spurry,0.9305837546668478,0.5164843589009623,1.769284546761448,644
val,Corn spurry,0.9999721743001897,0.49991600067199293,1.818292895793328,141
test,Crucifer,0.9925873764113438,0.6153844134122952,1.7647058823529411,276
train,Crucifer,0.9500342406574214,0.5312357501139989,1.7856897946868096,1312
val,Crucifer,0.9999811764705889,0.5312357501139883,1.6266710357221488,267
test,Geranium,0.9729629989411421,0.48490137894920377,1.8571448164250635,764
train,Geranium,0.9444333826373893,0.48149675731027103,1.8665921434940957,3569
val,Geranium,0.9999799213085628,0.52173187155657,1.999893339021904,762
test,Goosefoot,1.0373557879948496,0.5666463292359822,1.8799823872450838,524
train,Goosefoot,0.9999811764705956,0.5516898937402734,1.833399704175656,2453
val,Goosefoot,1.0106355817093324,0.5609726210332376,1.8421132411047263,533
test,Grasses,1.0396657492038923,0.2963221071794279,3.5294117647058822,3060
train,Grasses,1.0294023529411764,0.29999760001919984,3.5554386164523253,14294
val,Grasses,1.0454704136847612,0.30304382018876297,3.653916686564146,3071
test,Knotweed,0.9999621226468722,0.44715893451523936,2.4998480053501977,455
train,Knotweed,1.000001306115628,0.40739845261121815,2.3682668211581377,2122
val,Knotweed,1.033902607292087,0.45457278226314624,2.45455616533599,455
test,Labiate,0.9230791952718596,0.47220955565688866,1.9375044999640054,97
train,Labiate,0.8947818706044054,0.47626304031792194,1.9772595371325201,455
val,Labiate,0.8480658167800726,0.3709644953006201,2.083263333893331,98
test,Maize,0.9791429222772328,0.32542457602059105,2.809431512735654,904
train,Maize,0.9604031343847357,0.32113162377063387,2.823990210585061,4210
val,Maize,0.9904900654921275,0.3157937285891853,3.0353167058823494,904
test,Mercuries,0.9685997513429045,0.5262891963175887,1.8888667652747786,172
train,Mercuries,0.9721984546364562,0.45839633282934017,2.00000000000001,802
val,Mercuries,1.0,0.4814967573102754,1.9375044999639974,173
test,Pea,0.855008929571271,0.43795661356530324,1.757135568952936,92
train,Pea,0.9071854805455142,0.4571364049245055,1.868858341324618,436
val,Pea,0.9047580508892128,0.44680881484855456,1.7068743496573293,93
test,Plantago,0.9743149617153126,0.44998447998344554,2.2181702242536523,191
train,Plantago,0.9701283803693698,0.4027701111724443,2.3749910000719985,916
val,Plantago,1.000051200983066,0.45497588931103783,2.222148479813412,193
test,Poppy,0.9914562921981988,0.5757650394568132,1.6500796815298753,127
train,Poppy,0.9641074782086285,0.58327533379733,1.5122036501682719,626
val,Poppy,0.9782263898937047,0.6190779508528969,1.5517812137235805,129
test,Potato,1.0333451022347764,0.5102079466686874,1.9740109913857644,55
train,Potato,0.9988495963117029,0.584914523360714,1.6274447058823531,258
val,Potato,0.958280729038476,0.5296386735671922,1.6052472467785739,58
test,Potato weed,0.9866726741179543,0.5882541176470582,1.6363303147281372,385
train,Potato weed,0.9999313511875971,0.58915808618878,1.7585487768545796,1796
val,Potato weed,1.0000133393408954,0.6481337724782277,1.6111047900785052,382
test,Pumpkin,1.1100625162955784,0.43056306178177245,1.9615802131205238,94
train,Pumpkin,1.0321995936045696,0.46297218113551,1.899965121227733,430
val,Pumpkin,1.0569004164663411,0.5535834695253676,2.45455616533599,91
test,Solanales,1.033014151502695,0.4943704844684047,2.1272726849585633,152
train,Solanales,0.9647264941421982,0.4193442275480576,2.3332613339093284,712
val,Solanales,0.9682304410241547,0.4876016927771354,1.900016799865595,152
test,Soy,0.9491460890618696,0.541001047085265,1.814839572192517,603
train,Soy,0.9523773242685668,0.5319282210777726,1.8599760384613393,2833
val,Soy,0.963620453720337,0.5384457591098928,1.8987418683214943,603
test,Sugar beet,0.9693493245491549,0.4021765519793685,2.454704136847614,922
train,Sugar beet,0.977178877361138,0.40742215648348534,2.3637633094780917,4311
val,Sugar beet,0.9632242470220941,0.40001974864365464,2.2222024689953357,928
test,Sunflower,1.0322573541454785,0.4910582578314971,2.1200585726500663,283
train,Sunflower,0.9640725425732726,0.45237264400358956,2.103897852590421,1314
val,Sunflower,0.9677179981557427,0.4320920835660892,2.224114016726015,282
test,Thistle,0.9655762957993308,0.43564934888003554,2.142798368959021,1303
train,Thistle,0.9666570314186828,0.45037890659255686,1.9999901534098816,6094
val,Thistle,0.9735117905390442,0.4680772257974914,1.956452779787422,1305
