split,class,n,pct_touching_border
test,Amaranth,517,3.288201160541586
train,Amaranth,2461,9.22389272653393
val,Amaranth,506,13.83399209486166
test,Bean,161,8.695652173913043
train,Bean,742,9.029649595687331
val,Bean,158,6.962025316455696
test,Chamomile,412,12.135922330097088
train,Chamomile,1902,13.774973711882229
val,Chamomile,407,18.181818181818183
test,Chickweed,32,0.0
train,Chickweed,151,2.6490066225165565
val,Chickweed,36,0.0
test,Corn spurry,137,4.37956204379562
train,Corn spurry,644,3.4161490683229814
val,Corn spurry,141,1.4184397163120568
test,Crucifer,276,3.6231884057971016
train,Crucifer,1312,2.667682926829268
val,Crucifer,267,2.6217228464419478
test,Geranium,764,2.74869109947644
train,Geranium,3569,2.269543289436817
val,Geranium,762,3.1496062992125986
test,Goosefoot,524,7.442748091603053
train,Goosefoot,2453,6.522625356706074
val,Goosefoot,533,5.25328330206379
test,Grasses,3060,3.7908496732026142
train,Grasses,14294,4.63830978032741
val,Grasses,3071,3.809833930315858
test,Knotweed,455,3.2967032967032965
train,Knotweed,2122,3.1573986804901035
val,Knotweed,455,3.956043956043956
test,Labiate,97,3.0927835051546393
train,Labiate,455,2.857142857142857
val,Labiate,98,3.061224489795918
test,Maize,904,11.836283185840708
train,Maize,4210,11.282660332541568
val,Maize,904,10.951327433628318
test,Mercuries,172,1.744186046511628
train,Mercuries,802,1.2468827930174564
val,Mercuries,173,0.5780346820809249
test,Pea,92,8.695652173913043
train,Pea,436,6.651376146788991
val,Pea,93,7.526881720430108
test,Plantago,191,4.712041884816754
train,Plantago,916,4.039301310043668
val,Plantago,193,2.0725388601036268
test,Poppy,127,4.724409448818897
train,Poppy,626,4.15335463258786
val,Poppy,129,3.10077519379845
test,Potato,55,9.090909090909092
train,Potato,258,6.976744186046512
val,Potato,58,17.24137931034483
test,Potato weed,385,3.896103896103896
train,Potato weed,1796,5.957683741648107
val,Potato weed,382,4.973821989528796
test,Pumpkin,94,17.02127659574468
train,Pumpkin,430,9.767441860465116
val,Pumpkin,91,8.791208791208792
test,Solanales,152,9.868421052631579
train,Solanales,712,11.235955056179776
val,Solanales,152,15.789473684210526
test,Soy,603,4.311774461028192
train,Soy,2833,5.082950935404165
val,Soy,603,4.975124378109452
test,Sugar beet,922,11.713665943600867
train,Sugar beet,4311,11.45905822315008
val,Sugar beet,928,12.28448275862069
test,Sunflower,283,11.307420494699647
train,Sunflower,1314,11.643835616438356
val,Sunflower,282,8.865248226950355
test,Thistle,1303,6.139677666922487
train,Thistle,6094,7.531998687233345
val,Thistle,1305,6.130268199233717
