split,class,n_instances,split_total,pct,n_images_with_class
test,Amaranth,869,13563,6.407137064071371,106
train,Amaranth,2191,51942,4.218166416387509,297
val,Amaranth,424,12783,3.3169052648048187,88
test,Bean,158,13563,1.16493401164934,45
train,Bean,743,51942,1.4304416464518117,148
val,Bean,160,12783,1.2516623640772901,36
test,Chamomile,408,13563,3.00818403008184,69
train,Chamomile,1905,51942,3.6675522698394363,229
val,Chamomile,408,12783,3.1917390283970897,71
test,Chickweed,33,13563,0.24330900243309003,14
train,Chickweed,153,51942,0.29455931616033265,49
val,Chickweed,33,12783,0.2581553625909411,23
test,Corn spurry,138,13563,1.0174740101747402,30
train,Corn spurry,646,51942,1.243694890454738,78
val,Corn spurry,138,12783,1.0795587890166627,17
test,Crucifer,362,13563,2.6690260266902603,73
train,Crucifer,1257,51942,2.420006930807439,206
val,Crucifer,236,12783,1.846201987014003,73
test,Geranium,792,13563,5.839416058394161,124
train,Geranium,3553,51942,6.840321897501059,318
val,Geranium,750,12783,5.867167331612298,54
test,Goosefoot,594,13563,4.37956204379562,190
train,Goosefoot,2371,51942,4.564706788340842,866
val,Goosefoot,545,12783,4.26347492763827,210
test,Grasses,4313,13563,31.79974931799749,515
train,Grasses,12936,51942,24.904701397712834,1882
val,Grasses,3176,12783,24.84549792693421,514
test,Knotweed,621,13563,4.57863304578633,198
train,Knotweed,2039,51942,3.9255323245158062,780
val,Knotweed,372,12783,2.9101149964796997,178
test,Labiate,97,13563,0.7151810071518101,25
train,Labiate,455,51942,0.8759770513264795,57
val,Labiate,98,12783,0.7666431979973403,42
test,Maize,903,13563,6.657819066578191,310
train,Maize,4212,51942,8.109044703707982,1215
val,Maize,903,12783,7.0640694672612065,309
test,Mercuries,172,13563,1.26815601268156,135
train,Mercuries,803,51942,1.5459551037695891,548
val,Mercuries,172,12783,1.345537041383087,129
test,Pea,89,13563,0.6561970065619701,31
train,Pea,443,51942,0.852874359862924,109
val,Pea,89,12783,0.6962371900179927,36
test,Plantago,250,13563,1.8432500184325002,43
train,Plantago,882,51942,1.6980478225713296,140
val,Plantago,168,12783,1.3142454822811547,42
test,Poppy,132,13563,0.9732360097323601,40
train,Poppy,618,51942,1.1897886103731086,42
val,Poppy,132,12783,1.0326214503637643,32
test,Potato,55,13563,0.40551500405515006,27
train,Potato,261,51942,0.5024835393323323,72
val,Potato,55,12783,0.4302589376515685,9
test,Potato weed,434,13563,3.19988203199882,97
train,Potato weed,1581,51942,3.043779600323438,414
val,Potato weed,548,12783,4.2869435969647185,125
test,Pumpkin,53,13563,0.39076900390769004,34
train,Pumpkin,388,51942,0.7469870239882946,203
val,Pumpkin,174,12783,1.361182820934053,80
test,Solanales,152,13563,1.1206960112069602,78
train,Solanales,711,51942,1.3688344692156635,217
val,Solanales,153,12783,1.1969021356489087,41
test,Soy,627,13563,4.622871046228711,36
train,Soy,2770,51942,5.3328712795040625,243
val,Soy,642,12783,5.022295235860127,57
test,Sugar beet,874,13563,6.444002064440021,173
train,Sugar beet,3803,51942,7.321627969658465,789
val,Sugar beet,1484,12783,11.609168426816867,248
test,Sunflower,306,13563,2.2561380225613803,89
train,Sunflower,1303,51942,2.5085672480844017,419
val,Sunflower,270,12783,2.112180239380427,82
test,Thistle,1131,13563,8.338863083388631,252
train,Thistle,5918,51942,11.393477340110122,857
val,Thistle,1653,12783,12.931236798873504,274
