class,n_instances,median_bbox_area,median_bbox_side
Grasses,14294,912.0182400614397,30.199639733967683
Thistle,6094,2457.485280092159,49.57302976510674
Sugar beet,4311,7038.000000000012,83.89278872465745
Maize,4210,12187.067775713269,110.39505322120765
Geranium,3569,728.009599795203,26.981653021918486
Soy,2833,3286.01804783616,57.32380001217784
Amaranth,2461,1428.0,37.78888725538237
Goosefoot,2453,1155.0293758771143,33.985723118349476
Knotweed,2122,1605.0028481126355,40.06248679391527
Chamomile,1902,4158.913152491511,64.4896360083658
Potato weed,1796,1122.0069760819179,33.49637258095147
Sunflower,1314,7195.381536153591,84.8255948175643
Crucifer,1312,933.0280001740789,30.545507037436437
Plantago,916,1511.5100792217622,38.878143978613
Mercuries,802,540.0412157337609,23.23878688171482
Bean,742,8095.5237764505455,89.9751286548152
Solanales,712,6454.918143836161,80.3425052125969
Corn spurry,644,1713.01388795904,41.38857194877639
Poppy,626,1541.0185600204823,39.255809251886305
Labiate,455,551.9374094745698,23.493348196342083
Pea,436,5844.587392081899,76.44990119079226
Pumpkin,430,42710.624128020485,206.66548847841162
Potato,258,35474.50912002048,188.34677889473045
Chickweed,151,891.0195838156793,29.849951152651478
