split,eff_bucket,n,total,pct,imgsz
test,large,527,11718,4.497354497354498,640
test,medium,2144,11718,18.29663765147636,640
test,small,2612,11718,22.290493258235195,640
test,tiny,6435,11718,54.915514592933945,640
train,large,2493,54843,4.545703189103441,640
train,medium,10472,54843,19.09450613569644,640
train,small,12112,54843,22.08486041974363,640
train,tiny,29766,54843,54.27493025545648,640
val,large,592,11727,5.048179415025156,640
val,medium,2245,11727,19.14385605866803,640
val,small,2493,11727,21.25863392171911,640
val,tiny,6397,11727,54.5493306045877,640
test,large,1239,11718,10.57347670250896,1024
test,medium,3164,11718,27.001194743130227,1024
test,small,3196,11718,27.274278887182113,1024
test,tiny,4119,11718,35.1510496671787,1024
train,large,5898,54843,10.754335102018489,1024
train,medium,14752,54843,26.89860146235618,1024
train,small,15315,54843,27.925168207428477,1024
train,tiny,18878,54843,34.42189522819685,1024
val,large,1311,11727,11.179329751854695,1024
val,medium,3121,11727,26.61379722009039,1024
val,small,3203,11727,27.313038287712118,1024
val,tiny,4092,11727,34.8938347403428,1024
test,large,1668,11718,14.234511008704557,1280
test,medium,3615,11718,30.849974398361496,1280
test,small,3679,11718,31.396142686465268,1280
test,tiny,2756,11718,23.51937190646868,1280
train,large,8137,54843,14.836898054446328,1280
train,medium,16940,54843,30.888171690097188,1280
train,small,16902,54843,30.818882993271703,1280
train,tiny,12864,54843,23.456047262184782,1280
val,large,1799,11727,15.340666837213268,1280
val,medium,3531,11727,30.110002558199028,1280
val,small,3550,11727,30.272021829965038,1280
val,tiny,2847,11727,24.277308774622664,1280
