split,class,median_fill_ratio,mean_fill_ratio,n,pct_fallback_rectangle
test,Amaranth,0.49727564895211207,0.5088952878932403,517,0.0
train,Amaranth,0.4852017649920355,0.4960600053698298,2461,0.04063388866314506
val,Amaranth,0.4934729147360069,0.5019270297567611,506,0.0
test,Bean,0.5767092218591406,0.5720453472921336,161,0.0
train,Bean,0.5762954656933433,0.581796590645825,742,0.1347708894878706
val,Bean,0.556731131436224,0.5659800832027341,158,0.0
test,Chamomile,0.44662893874403475,0.4414103124441544,412,0.24271844660194175
train,Chamomile,0.4118701207164843,0.4157538980888803,1902,0.0
val,Chamomile,0.4095604185886973,0.41228331860738515,407,0.2457002457002457
test,Chickweed,0.47883488761068194,0.49039800261068855,32,0.0
train,Chickweed,0.5053939668967391,0.5013168300625915,151,0.0
val,Chickweed,0.498566712820255,0.49054679710685295,36,0.0
test,Corn spurry,0.32631133398038636,0.33295067735999484,137,0.0
train,Corn spurry,0.3219632511237851,0.3353332843274371,644,0.0
val,Corn spurry,0.3068217933993124,0.3225196976589134,141,0.0
test,Crucifer,0.48298748869710206,0.4854100826380991,276,0.0
train,Crucifer,0.4974081765185035,0.5024070400112088,1312,0.07621951219512195
val,Crucifer,0.47196515237127584,0.4771941011315547,267,0.0
test,Geranium,0.4615464632701364,0.47399229238392576,764,0.0
train,Geranium,0.4694326996926856,0.476640712321871,3569,0.0
val,Geranium,0.43970990031311297,0.4553396875150934,762,0.0
test,Goosefoot,0.4439882696740517,0.45065734958571174,524,0.0
train,Goosefoot,0.4660273736211782,0.4697536662302213,2453,0.040766408479412965
val,Goosefoot,0.45337773801617004,0.46327643263996177,533,0.0
test,Grasses,0.2814898120046214,0.30430783963295016,3060,0.0
train,Grasses,0.27916998431897705,0.2997149797505259,14294,0.006995942353435008
val,Grasses,0.284992786039915,0.302265218283726,3071,0.0
test,Knotweed,0.36375635749339685,0.3831618506768372,455,0.0
train,Knotweed,0.36780730523301847,0.3850526121578697,2122,0.0
val,Knotweed,0.358105963358875,0.3787652384501217,455,0.0
test,Labiate,0.49451677489541546,0.4958566169768971,97,0.0
train,Labiate,0.4719139767548972,0.46885401391507325,455,0.0
val,Labiate,0.4494259741075369,0.4595845575667902,98,0.0
test,Maize,0.3337392658540912,0.37729359155434794,904,0.11061946902654868
train,Maize,0.3515417517875438,0.3907538718096115,4210,0.047505938242280284
val,Maize,0.334484274968739,0.37708766579240793,904,0.0
test,Mercuries,0.5318237086680082,0.53219853913242,172,0.0
train,Mercuries,0.5391545616114459,0.5477113328027025,802,0.12468827930174564
val,Mercuries,0.5395935761994984,0.5455865814559175,173,0.0
test,Pea,0.4316204493397806,0.45217555682321164,92,0.0
train,Pea,0.44684346666649893,0.45070420686009083,436,0.0
val,Pea,0.4693625016609531,0.4671011297726328,93,0.0
test,Plantago,0.39580216484698644,0.408500270618467,191,0.0
train,Plantago,0.37292322229649133,0.39235323883372936,916,0.0
val,Plantago,0.4211949928315438,0.41821887013106224,193,0.0
test,Poppy,0.46735763891333976,0.46156340093518483,127,0.0
train,Poppy,0.49322065505706714,0.4918242345144102,626,0.0
val,Poppy,0.5002058850987633,0.49879485484342906,129,0.0
test,Potato,0.5498315931919985,0.552119431522433,55,0.0
train,Potato,0.5393978872809504,0.5437404274703393,258,0.3875968992248062
val,Potato,0.5607978560680495,0.5544404641428131,58,0.0
test,Potato weed,0.5938117805826472,0.5879310197485944,385,0.2597402597402597
train,Potato weed,0.5868753688164943,0.5831075046692341,1796,0.0
val,Potato weed,0.5707212272646277,0.5738219723274418,382,0.0
test,Pumpkin,0.47235991282041745,0.500139971977429,94,0.0
train,Pumpkin,0.4728722717771353,0.49420662742607385,430,0.0
val,Pumpkin,0.4789118282492723,0.4941619666486947,91,0.0
test,Solanales,0.3574812016817075,0.38120464225321216,152,0.0
train,Solanales,0.3714206460745346,0.38851272854546437,712,0.0
val,Solanales,0.3494010284446121,0.3805997744790375,152,0.0
test,Soy,0.5086957682371032,0.5119808739347319,603,0.0
train,Soy,0.5007668161755869,0.5104652678772991,2833,0.0
val,Soy,0.5045931308425415,0.5124776565871005,603,0.0
test,Sugar beet,0.397289715465639,0.4222404085920393,922,0.0
train,Sugar beet,0.39602630083322077,0.4198976874362711,4311,0.023196474135931337
val,Sugar beet,0.3930698240770024,0.42190124242809757,928,0.0
test,Sunflower,0.505035145200736,0.5280535249226482,283,0.0
train,Sunflower,0.5327835144742037,0.5483502375680013,1314,0.0
val,Sunflower,0.5308709228305513,0.5517753337852169,282,0.0
test,Thistle,0.47637969548537573,0.4781496338962819,1303,0.0
train,Thistle,0.4399081626766397,0.4489119235093814,6094,0.016409583196586808
val,Thistle,0.4734438821647459,0.48294682966630537,1305,0.0
