class,split,n_sessions
Amaranth,test,35
Amaranth,train,135
Amaranth,val,33
Bean,test,6
Bean,train,11
Bean,val,5
Chamomile,test,31
Chamomile,train,68
Chamomile,val,27
Chickweed,test,11
Chickweed,train,14
Chickweed,val,11
Corn spurry,test,6
Corn spurry,train,9
Corn spurry,val,4
Crucifer,test,21
Crucifer,train,60
Crucifer,val,29
Geranium,test,19
Geranium,train,51
Geranium,val,13
Goosefoot,test,64
Goosefoot,train,223
Goosefoot,val,64
Grasses,test,86
Grasses,train,358
Grasses,val,110
Knotweed,test,45
Knotweed,train,159
Knotweed,val,55
Labiate,test,14
Labiate,train,19
Labiate,val,13
Maize,test,24
Maize,train,107
Maize,val,36
Mercuries,test,58
Mercuries,train,131
Mercuries,val,64
Pea,test,4
Pea,train,10
Pea,val,4
Plantago,test,17
Plantago,train,36
Plantago,val,15
Poppy,test,6
Poppy,train,14
Poppy,val,7
Potato,test,4
Potato,train,9
Potato,val,2
Potato weed,test,30
Potato weed,train,153
Potato weed,val,36
Pumpkin,test,2
Pumpkin,train,6
Pumpkin,val,3
Solanales,test,32
Solanales,train,55
Solanales,val,21
Soy,test,5
Soy,train,30
Soy,val,7
Sugar beet,test,18
Sugar beet,train,91
Sugar beet,val,24
Sunflower,test,11
Sunflower,train,40
Sunflower,val,11
Thistle,test,66
Thistle,train,186
Thistle,val,60
