split,size_bucket,n,total,pct
test,large,2671,11718,22.79399214883086
test,medium,4593,11718,39.19610855094726
test,small,3918,11718,33.43573988735279
test,tiny,536,11718,4.57415941286909
train,large,12965,54843,23.640209324799883
train,medium,21395,54843,39.01135969950586
train,small,17946,54843,32.722498769213935
train,tiny,2537,54843,4.625932206480316
val,large,2837,11727,24.19203547369319
val,medium,4469,11727,38.10863818538416
val,small,3857,11727,32.88991216850004
val,tiny,564,11727,4.809414172422614
