split,class,size_bucket,n,total,pct
test,Amaranth,large,176,869,20.253164556962027
test,Amaranth,medium,280,869,32.22094361334867
test,Amaranth,small,407,869,46.835443037974684
test,Amaranth,tiny,6,869,0.6904487917146145
train,Amaranth,large,451,2191,20.584208124144226
train,Amaranth,medium,967,2191,44.13509812870835
train,Amaranth,small,768,2191,35.05248744865358
train,Amaranth,tiny,5,2191,0.22820629849383842
val,Amaranth,large,119,424,28.066037735849058
val,Amaranth,medium,190,424,44.81132075471698
val,Amaranth,small,115,424,27.12264150943396
test,Bean,large,130,158,82.27848101265823
test,Bean,medium,24,158,15.189873417721518
test,Bean,small,4,158,2.5316455696202533
train,Bean,large,319,743,42.934051144010766
train,Bean,medium,320,743,43.06864064602961
train,Bean,small,104,743,13.997308209959623
val,Bean,large,93,160,58.125
val,Bean,medium,59,160,36.875
val,Bean,small,8,160,5.0
test,Chamomile,large,121,408,29.65686274509804
test,Chamomile,medium,167,408,40.931372549019606
test,Chamomile,small,116,408,28.431372549019606
test,Chamomile,tiny,4,408,0.9803921568627451
train,Chamomile,large,852,1905,44.724409448818896
train,Chamomile,medium,617,1905,32.38845144356955
train,Chamomile,small,430,1905,22.57217847769029
train,Chamomile,tiny,6,1905,0.31496062992125984
val,Chamomile,large,142,408,34.80392156862745
val,Chamomile,medium,146,408,35.78431372549019
val,Chamomile,small,119,408,29.166666666666668
val,Chamomile,tiny,1,408,0.24509803921568626
test,Chickweed,large,14,33,42.42424242424242
test,Chickweed,medium,12,33,36.36363636363637
test,Chickweed,small,7,33,21.21212121212121
train,Chickweed,large,12,153,7.8431372549019605
train,Chickweed,medium,63,153,41.1764705882353
train,Chickweed,small,78,153,50.98039215686274
val,Chickweed,medium,11,33,33.333333333333336
val,Chickweed,small,21,33,63.63636363636363
val,Chickweed,tiny,1,33,3.0303030303030303
test,Corn spurry,large,24,138,17.391304347826086
test,Corn spurry,medium,64,138,46.3768115942029
test,Corn spurry,small,49,138,35.507246376811594
test,Corn spurry,tiny,1,138,0.7246376811594203
train,Corn spurry,large,46,646,7.120743034055727
train,Corn spurry,medium,413,646,63.93188854489164
train,Corn spurry,small,184,646,28.48297213622291
train,Corn spurry,tiny,3,646,0.46439628482972134
val,Corn spurry,large,13,138,9.420289855072463
val,Corn spurry,medium,78,138,56.52173913043478
val,Corn spurry,small,47,138,34.05797101449275
test,Crucifer,large,52,362,14.3646408839779
test,Crucifer,medium,131,362,36.187845303867405
test,Crucifer,small,172,362,47.51381215469613
test,Crucifer,tiny,7,362,1.9337016574585635
train,Crucifer,large,104,1257,8.273667462211614
train,Crucifer,medium,572,1257,45.50517104216388
train,Crucifer,small,572,1257,45.50517104216388
train,Crucifer,tiny,9,1257,0.7159904534606205
val,Crucifer,large,31,236,13.135593220338983
val,Crucifer,medium,107,236,45.33898305084746
val,Crucifer,small,96,236,40.67796610169491
val,Crucifer,tiny,2,236,0.847457627118644
test,Geranium,large,70,792,8.83838383838384
test,Geranium,medium,235,792,29.671717171717173
test,Geranium,small,481,792,60.73232323232323
test,Geranium,tiny,6,792,0.7575757575757576
train,Geranium,large,326,3553,9.17534477905995
train,Geranium,medium,1408,3553,39.628482972136226
train,Geranium,small,1795,3553,50.52068674359696
train,Geranium,tiny,24,3553,0.6754855052068675
val,Geranium,large,32,750,4.266666666666667
val,Geranium,medium,213,750,28.4
val,Geranium,small,493,750,65.73333333333333
val,Geranium,tiny,12,750,1.6
test,Goosefoot,large,78,594,13.131313131313131
test,Goosefoot,medium,215,594,36.195286195286194
test,Goosefoot,small,296,594,49.831649831649834
test,Goosefoot,tiny,5,594,0.8417508417508418
train,Goosefoot,large,481,2371,20.286798819063687
train,Goosefoot,medium,911,2371,38.42260649514973
train,Goosefoot,small,962,2371,40.573597638127374
train,Goosefoot,tiny,17,2371,0.7169970476592156
val,Goosefoot,large,101,545,18.53211009174312
val,Goosefoot,medium,249,545,45.68807339449541
val,Goosefoot,small,194,545,35.596330275229356
val,Goosefoot,tiny,1,545,0.1834862385321101
test,Grasses,large,333,4313,7.720843960120566
test,Grasses,medium,1268,4313,29.399489914212843
test,Grasses,small,2665,4313,61.789937398562486
test,Grasses,tiny,47,4313,1.0897287271041038
train,Grasses,large,1578,12936,12.198515769944342
train,Grasses,medium,4762,12936,36.81199752628324
train,Grasses,small,6515,12936,50.36332714904143
train,Grasses,tiny,81,12936,0.6261595547309833
val,Grasses,large,617,3176,19.426952141057935
val,Grasses,medium,1394,3176,43.89168765743073
val,Grasses,small,1151,3176,36.240554156171285
val,Grasses,tiny,14,3176,0.44080604534005036
test,Knotweed,large,49,621,7.890499194847021
test,Knotweed,medium,416,621,66.98872785829307
test,Knotweed,small,156,621,25.120772946859905
train,Knotweed,large,302,2039,14.811181951937224
train,Knotweed,medium,1059,2039,51.93722412947523
train,Knotweed,small,676,2039,33.15350662089259
train,Knotweed,tiny,2,2039,0.0980872976949485
val,Knotweed,large,45,372,12.096774193548388
val,Knotweed,medium,242,372,65.05376344086021
val,Knotweed,small,85,372,22.849462365591396
test,Labiate,large,2,97,2.0618556701030926
test,Labiate,medium,48,97,49.48453608247423
test,Labiate,small,46,97,47.422680412371136
test,Labiate,tiny,1,97,1.0309278350515463
train,Labiate,large,7,455,1.5384615384615385
train,Labiate,medium,126,455,27.692307692307693
train,Labiate,small,313,455,68.79120879120879
train,Labiate,tiny,9,455,1.978021978021978
val,Labiate,large,4,98,4.081632653061225
val,Labiate,medium,77,98,78.57142857142857
val,Labiate,small,17,98,17.346938775510203
test,Maize,large,466,903,51.605758582502766
test,Maize,medium,374,903,41.41749723145072
test,Maize,small,63,903,6.976744186046512
train,Maize,large,2440,4212,57.92972459639126
train,Maize,medium,1391,4212,33.02469135802469
train,Maize,small,379,4212,8.998100664767332
train,Maize,tiny,2,4212,0.04748338081671415
val,Maize,large,668,903,73.97563676633445
val,Maize,medium,172,903,19.047619047619047
val,Maize,small,63,903,6.976744186046512
test,Mercuries,large,4,172,2.3255813953488373
test,Mercuries,medium,51,172,29.651162790697676
test,Mercuries,small,116,172,67.44186046511628
test,Mercuries,tiny,1,172,0.5813953488372093
train,Mercuries,large,10,803,1.2453300124533002
train,Mercuries,medium,177,803,22.042341220423413
train,Mercuries,small,608,803,75.71606475716065
train,Mercuries,tiny,8,803,0.9962640099626401
val,Mercuries,large,3,172,1.744186046511628
val,Mercuries,medium,52,172,30.232558139534884
val,Mercuries,small,114,172,66.27906976744185
val,Mercuries,tiny,3,172,1.744186046511628
test,Pea,large,56,89,62.92134831460674
test,Pea,medium,31,89,34.831460674157306
test,Pea,small,2,89,2.247191011235955
train,Pea,large,169,443,38.1489841986456
train,Pea,medium,235,443,53.04740406320542
train,Pea,small,39,443,8.803611738148984
val,Pea,large,21,89,23.59550561797753
val,Pea,medium,61,89,68.53932584269663
val,Pea,small,6,89,6.741573033707865
val,Pea,tiny,1,89,1.1235955056179776
test,Plantago,large,48,250,19.2
test,Plantago,medium,126,250,50.4
test,Plantago,small,74,250,29.6
test,Plantago,tiny,2,250,0.8
train,Plantago,large,116,882,13.151927437641723
train,Plantago,medium,386,882,43.764172335600904
train,Plantago,small,374,882,42.40362811791383
train,Plantago,tiny,6,882,0.6802721088435374
val,Plantago,large,28,168,16.666666666666668
val,Plantago,medium,82,168,48.80952380952381
val,Plantago,small,58,168,34.523809523809526
test,Poppy,large,32,132,24.242424242424242
test,Poppy,medium,89,132,67.42424242424242
test,Poppy,small,11,132,8.333333333333334
train,Poppy,large,15,618,2.4271844660194173
train,Poppy,medium,316,618,51.13268608414239
train,Poppy,small,282,618,45.63106796116505
train,Poppy,tiny,5,618,0.8090614886731392
val,Poppy,large,65,132,49.24242424242424
val,Poppy,medium,50,132,37.878787878787875
val,Poppy,small,16,132,12.121212121212121
val,Poppy,tiny,1,132,0.7575757575757576
test,Potato,large,42,55,76.36363636363636
test,Potato,medium,12,55,21.818181818181817
test,Potato,small,1,55,1.8181818181818181
train,Potato,large,209,261,80.07662835249042
train,Potato,medium,40,261,15.32567049808429
train,Potato,small,12,261,4.597701149425287
val,Potato,large,15,55,27.272727272727273
val,Potato,medium,28,55,50.90909090909091
val,Potato,small,12,55,21.818181818181817
test,Potato weed,large,23,434,5.299539170506913
test,Potato weed,medium,148,434,34.10138248847926
test,Potato weed,small,260,434,59.90783410138249
test,Potato weed,tiny,3,434,0.6912442396313364
train,Potato weed,large,303,1581,19.165085388994306
train,Potato weed,medium,687,1581,43.45351043643264
train,Potato weed,small,586,1581,37.0651486401012
train,Potato weed,tiny,5,1581,0.3162555344718533
val,Potato weed,large,24,548,4.37956204379562
val,Potato weed,medium,183,548,33.394160583941606
val,Potato weed,small,332,548,60.583941605839414
val,Potato weed,tiny,9,548,1.6423357664233578
test,Pumpkin,large,44,53,83.01886792452831
test,Pumpkin,medium,7,53,13.20754716981132
test,Pumpkin,small,2,53,3.7735849056603774
train,Pumpkin,large,315,388,81.18556701030928
train,Pumpkin,medium,51,388,13.144329896907216
train,Pumpkin,small,22,388,5.670103092783505
val,Pumpkin,large,124,174,71.26436781609195
val,Pumpkin,medium,40,174,22.988505747126435
val,Pumpkin,small,10,174,5.747126436781609
test,Solanales,large,73,152,48.026315789473685
test,Solanales,medium,63,152,41.44736842105263
test,Solanales,small,16,152,10.526315789473685
train,Solanales,large,321,711,45.14767932489451
train,Solanales,medium,272,711,38.25597749648382
train,Solanales,small,116,711,16.31504922644163
train,Solanales,tiny,2,711,0.2812939521800281
val,Solanales,large,57,153,37.254901960784316
val,Solanales,medium,65,153,42.48366013071895
val,Solanales,small,30,153,19.607843137254903
val,Solanales,tiny,1,153,0.6535947712418301
test,Soy,large,17,627,2.7113237639553427
test,Soy,medium,283,627,45.135566188197764
test,Soy,small,327,627,52.15311004784689
train,Soy,large,508,2770,18.339350180505416
train,Soy,medium,1984,2770,71.62454873646209
train,Soy,small,273,2770,9.855595667870036
train,Soy,tiny,5,2770,0.18050541516245489
val,Soy,large,137,642,21.339563862928348
val,Soy,medium,407,642,63.39563862928349
val,Soy,small,97,642,15.109034267912772
val,Soy,tiny,1,642,0.1557632398753894
test,Sugar beet,large,518,874,59.267734553775746
test,Sugar beet,medium,304,874,34.78260869565217
test,Sugar beet,small,52,874,5.949656750572083
train,Sugar beet,large,1587,3803,41.730212989744935
train,Sugar beet,medium,1818,3803,47.80436497501972
train,Sugar beet,small,397,3803,10.439127004996056
train,Sugar beet,tiny,1,3803,0.026295030239284777
val,Sugar beet,large,726,1484,48.921832884097036
val,Sugar beet,medium,537,1484,36.18598382749326
val,Sugar beet,small,219,1484,14.757412398921833
val,Sugar beet,tiny,2,1484,0.1347708894878706
test,Sunflower,large,75,306,24.50980392156863
test,Sunflower,medium,171,306,55.88235294117647
test,Sunflower,small,59,306,19.281045751633986
test,Sunflower,tiny,1,306,0.32679738562091504
train,Sunflower,large,622,1303,47.73599386032233
train,Sunflower,medium,597,1303,45.81734458940905
train,Sunflower,small,84,1303,6.446661550268611
val,Sunflower,large,125,270,46.2962962962963
val,Sunflower,medium,128,270,47.407407407407405
val,Sunflower,small,17,270,6.296296296296297
test,Thistle,large,352,1131,31.122900088417328
test,Thistle,medium,415,1131,36.693191865605655
test,Thistle,small,364,1131,32.18390804597701
train,Thistle,large,1547,5918,26.140588036498816
train,Thistle,medium,2550,5918,43.088881378844206
train,Thistle,small,1795,5918,30.331192970598174
train,Thistle,tiny,26,5918,0.43933761405880367
val,Thistle,large,500,1653,30.248033877797944
val,Thistle,medium,681,1653,41.1978221415608
val,Thistle,small,465,1653,28.130671506352087
val,Thistle,tiny,7,1653,0.42347247428917123
