split,class,n,bbox_side_p5,mask_area_p5,bbox_side_p25,mask_area_p25,bbox_side_p50,mask_area_p50,bbox_side_p75,mask_area_p75,bbox_side_p95,mask_area_p95
test,Amaranth,517,16.50437167092771,152.2888315320015,22.99999999777397,274.49644646421075,32.24852294672969,509.9912629202008,50.98947970085438,1249.016002073884,115.68731054863927,6943.213224628567
train,Amaranth,2461,16.88177239513903,145.98115289071575,24.899688670285094,296.4859507502988,37.78888725538237,694.0090893935412,80.79603950689658,3089.5047990083694,328.3832158447703,50431.931808412075
val,Amaranth,506,17.29186490521857,164.50091185001656,28.78795696610237,379.1312323876191,52.195861138394235,1301.2787517495453,137.55860280745233,9638.733191780746,417.3781459090427,78886.59994484857
test,Bean,161,28.722579266019974,470.9872316624969,59.32896222909011,2191.0333099626005,101.68605174732197,6166.499936255161,156.26864745047234,14959.541792273521,253.16454298397855,28670.55823817849
train,Bean,742,22.28096543904918,319.64766721241176,50.041721780314894,1382.5103931651684,89.97512497427356,4573.013296401128,146.0138225446149,12404.711694967002,225.33315660570858,28102.084663000678
val,Bean,158,23.546655053655225,334.32666896411683,55.60512578402508,1814.780847758986,122.03447391088105,8441.010655663908,179.35315197034436,17228.114987466484,281.157909671317,36382.06823561546
test,Chamomile,412,17.067664181243458,150.61021325695327,28.470259029624405,385.9959688251838,76.03952965171666,2064.0247492715716,170.07710578479254,11046.525671765208,345.92815494068185,49480.56496130822
train,Chamomile,1902,16.96974738060451,125.01593394877855,29.89577197404513,367.61228027861216,64.48963551495352,1557.7281103290152,148.2754399092421,7838.6281687668525,356.17459712515677,58752.36496982856
val,Chamomile,407,16.979778850352318,139.79325709501282,35.550070325949214,422.7719516474026,87.67036516195964,2644.0070363283157,172.91686056938605,10948.76399969589,363.5019121843493,63733.35687865312
test,Chickweed,32,14.90586299451339,137.10454231593758,20.384173906611696,216.3676156110596,36.673605874155186,695.9938400555402,56.68982242446106,1255.7302090972662,77.26919465507707,2189.4897015154356
train,Chickweed,151,15.99974399539189,161.25736068142578,21.563724206741618,255.25246387184598,29.849951152651478,432.5011517703533,59.164848502418224,1436.754782795906,234.89369524972656,22507.27070325613
val,Chickweed,36,18.12167945059289,185.6312399469316,23.018908482948802,262.4966559740715,31.1023353095555,477.74856013804674,53.37365041665778,1431.631813888438,157.65179991431327,9781.874863941222
test,Corn spurry,137,16.580079704900236,118.89845809079706,27.386162929479557,234.9876493513584,39.11563165794466,438.99894644739106,63.874877690685246,1113.4772207513452,101.86878334730649,3069.814578938483
train,Corn spurry,644,16.920366768506323,114.52527062332956,26.995112307399552,233.3657280644402,41.38855654420621,528.971570186317,61.96740665890376,1092.9938420336694,122.94571455335031,3773.4120006486773
val,Corn spurry,141,16.309867446514843,117.50396762788296,25.377041588711702,210.50326462462544,33.98473445714829,402.9933143630624,57.2969349231736,777.9981128312647,83.49840563722779,2097.999872043729
test,Crucifer,276,15.49231448165802,150.12810301533318,26.157516352158645,323.8876474981371,39.837067588769976,785.9877127069049,67.75975950954349,2056.1306075729663,154.7012283903751,8049.416093112901
train,Crucifer,1312,15.4276012393372,130.49643817003818,20.976207464420252,234.50059997217613,30.545467496810687,464.7452316991985,48.404502539538456,1146.720393339172,123.67466395265419,5805.426686839389
val,Crucifer,267,15.829808634423507,147.64841860914603,22.023096648652256,266.748464055825,32.75656733933883,470.0030735209584,51.41774352804152,1057.2603063667193,161.61091677003435,7532.787284686416
test,Geranium,764,15.873911891814279,139.6542854291387,21.5414755382239,236.86624873196706,32.61953867461406,470.7363517441554,56.10260827993248,1351.0058084636694,121.88635485618443,5761.749844705509
train,Geranium,3569,15.297192420801851,130.49178835488857,19.595160233420913,198.99987161159515,26.981653021918486,327.01728036627173,44.698761325119555,836.0032333880663,113.87163049444439,5048.001661759612
val,Geranium,762,16.131248578942525,138.48694710899144,20.922567437109215,217.00535969191696,28.991648850821957,353.51112032923993,46.36810938471133,894.1434239974478,123.68778260396996,4927.191663131859
test,Goosefoot,524,15.874108730886308,121.5822629775852,25.099982468534364,269.7460482812021,41.46050124993444,700.2518231041031,82.33130095790905,2827.744208185002,330.83109876409236,46761.427527920794
train,Goosefoot,2453,15.874814264049824,126.50265581579879,22.449816034881003,230.49935898557305,33.985723118349476,524.495456378907,63.9918884830831,1778.002690068446,364.32950986128157,63864.6139142931
val,Goosefoot,533,16.284489045396107,130.1063094326295,23.99943466342156,250.00764880795032,37.78856038484439,648.9910718090832,86.99482062649577,3371.507648527622,536.7625919721817,139538.22220699786
test,Grasses,3060,15.42760051153996,91.96487492811868,20.07505317429777,142.4997193121817,27.92875392975567,223.99056070670485,48.01572721464083,520.5048479372635,150.38268301294153,4005.7983971729777
train,Grasses,14294,15.491193902746147,91.99489991576411,20.784692829099132,149.51567974092904,30.199639733879177,248.99230457929661,53.84731239008707,655.3980719324027,172.39248157993433,5371.815219010411
val,Grasses,3071,15.199332601700817,89.4954081478063,19.89898891338889,139.01456059142947,27.749335129384235,217.03212840855122,48.51823858973893,538.243632234633,171.7074115361268,4553.74649502337
test,Knotweed,455,19.392239574506654,160.83871408821724,28.91373423232723,309.4947679331526,42.98827672749863,606.9877128209919,71.97901134361231,1789.502702102065,135.09294979541318,5921.338212576499
train,Knotweed,2122,18.4385108293327,144.48661993318237,27.928555702566488,293.5118404328823,40.062438837958766,549.7527202707715,62.609442864400606,1462.514750994742,138.45864184375887,6310.731666683426
val,Knotweed,455,19.164707405456454,151.90720851698424,28.99114278728087,283.51923185866326,39.59797974386066,523.5086442232132,59.68251557068489,1403.2346720880014,123.50699025651558,5798.100879156583
test,Labiate,97,15.492292790818267,126.29276129305363,17.944893429742002,177.5018860339187,21.97691151396843,251.50892691500485,42.60199883211468,785.998754426837,73.681256046178,2031.4965515911576
train,Labiate,455,14.865153884168132,114.55413226902165,17.320831388220796,161.75651245054178,23.493348196342083,263.00441634655,41.32196905705585,675.0008798823692,76.25013624659324,1925.1363235523895
val,Labiate,98,15.887074402024194,131.55734862354583,18.97460958082641,205.9880016078023,30.798538259469254,419.48622489720583,58.40167199632364,1207.8950067367405,78.09146337418933,2185.6864238847047
test,Maize,904,22.981160242232637,348.0718741596211,67.1787887544825,1938.766304676421,123.22217792621335,4703.9939837008715,207.97252945478616,11714.75676856935,431.91240867408203,43969.51752773655
train,Maize,4210,22.999700798398294,330.46354573154827,58.917252940725675,1634.5005684176285,110.39505174675745,4194.258049666882,196.67931976924132,9784.082377310842,440.2597316654803,45269.0316319469
val,Maize,904,22.227674676227004,313.3840971169062,65.65828037158347,1945.2317361556925,120.29033285145053,4679.245167978108,192.75620157560022,9220.033191338181,434.3161466899385,47338.64552887444
test,Mercuries,172,16.49318249775968,149.49864891846664,20.742081297629863,229.88444776181132,25.17913725705954,333.9945435952395,31.811737731838242,536.8719119448215,59.12446019843873,1459.5187147857368
train,Mercuries,802,15.296743286965853,131.99990268516848,18.980948104608245,202.49275242979638,23.23878688135444,297.7675997799961,30.446815164146983,493.75306346499565,55.22783298421316,1600.1946600531223
val,Mercuries,173,15.491773092008007,129.50388511940838,19.999167994982187,223.98230409249663,23.915584893938966,312.50470391847193,30.740249578083727,469.01971126534045,49.42780257590907,1254.5976825058463
test,Pea,92,30.541150816479007,485.4546808841278,50.497796884901135,1276.8658554147696,81.65830032031587,2857.770626511425,115.64584187798752,4825.7549196481705,170.17707425552467,8684.482739254461
train,Pea,436,23.970523965950708,303.87627944536507,49.05114773450465,1326.8686733847135,76.44984983204176,2790.7509124204516,118.38870092402567,4686.035662509035,211.55684692220962,12828.52028333582
val,Pea,93,25.770004331623067,330.4987513430417,50.36885577438189,1339.510272552725,76.31492687420779,2900.528801944107,111.9997325681834,4523.551966369152,274.05992165677833,19564.014185142492
test,Plantago,191,15.14842020423978,92.49163219984621,21.1886081181081,197.00441554840654,28.982206950002983,392.4843206256628,53.329533364607016,908.7366551952437,138.50924011073417,3802.4789755158126
train,Plantago,916,15.991984344712925,113.37892886064947,23.81182427705582,233.86712885834277,38.878054438515214,574.9861130947247,69.02199227337854,1447.0167995616794,133.3061073390136,5291.513095349073
val,Plantago,193,15.566271227356957,115.50903651639821,22.95659905125321,267.5160947078839,35.77758851857955,555.00400066562,60.762413641234474,1379.0181097872555,139.84221793489343,4720.308401474355
test,Poppy,127,16.629901252777103,131.06115194763987,30.999116994750757,388.5070713465102,56.92096752515716,1498.4856319129467,93.6720800704865,4298.769680939615,203.35752163302013,18464.487427926044
train,Poppy,626,15.874232676768207,137.0055038362043,24.392215116535485,284.7493203935155,39.25570860408017,702.2416008492,61.335653970074475,1743.8778972579166,125.78731889939176,7068.587278244086
val,Poppy,129,15.490927001785161,130.30367980333978,21.794706146688092,242.00419129617512,37.986175174247734,646.5121614634991,58.736367200203226,1565.5074214190245,124.25595700138656,7911.731384503839
test,Potato,55,20.778448180973257,292.407508907426,65.38836637063608,2117.778449267149,108.18452621369609,6335.948735296726,206.33210753746414,23433.534462340176,399.6375646095717,87099.06534586436
train,Potato,258,33.04107235799609,609.420805111248,85.75052562660862,4132.532551416778,188.34673103578518,19066.030831739306,289.1072434401875,41228.792382881045,450.27349657950924,108302.91342567795
val,Potato,58,27.789392246820782,438.47236898359847,76.92980257007827,3216.589311397285,168.97341522248132,13746.978848710656,300.72951542579466,46979.44513764605,523.2069111856941,142180.20294627693
test,Potato weed,385,15.999743995391901,158.4023235872388,21.354012643997425,270.002049023984,29.933387375891805,518.4938554987311,50.950707473610635,1529.4965397417545,173.56537318021176,16164.60224669125
train,Potato weed,1796,16.00070398963254,161.00333713859436,21.909327330879897,285.50501629372593,33.496372575731606,655.4918082662916,62.0158153347581,2218.756761647295,169.12354095989386,15440.52090417128
val,Potato weed,382,15.968130368099079,147.0433627805556,21.52914717053618,267.8784882679611,30.93530591345483,572.2492642402649,53.2930635823344,1641.1230163055006,123.26713960167599,8340.081917735932
test,Pumpkin,94,34.50720289357199,710.7426162051038,103.29049324059592,5104.960967439227,186.41204444790247,15811.466366894543,284.87301311129374,37064.24675296247,497.85132440466725,106964.80963698913
train,Pumpkin,430,27.31658447553524,485.6251295232215,106.53063333553776,6195.6507121399045,206.66548414774593,19071.000447247876,284.7461876195822,36095.83656125516,438.52938364318203,82751.5599626064
val,Pumpkin,91,38.06628179856927,844.2525285914598,122.01970624480796,7083.778321757913,211.37161376111865,18760.560866624117,267.2207594006082,32551.793737098575,345.56610119490085,59413.01585789025
test,Solanales,152,21.02383766945504,178.10399235421792,38.63869104384041,545.4867934308131,79.28798771985697,1774.244159065187,139.86827029233527,6149.132954990491,421.3342627373515,65820.02513275732
train,Solanales,712,19.19241946936481,169.02990732584152,37.955917300087194,533.5227693314664,80.34249931339866,2035.007505711168,173.10837826718554,9083.870405584574,587.9276867649717,152484.44545228776
val,Solanales,152,20.427269963646793,181.40305403340608,52.950255810033475,915.6076480606571,100.35400067930655,2922.7675207387656,185.10747791612462,15496.202064554673,663.9245393484084,191628.50922421497
test,Soy,603,23.37561016742945,304.5000052468851,45.579636601247614,1054.7479366362095,64.22643194247547,1976.9927665442228,83.40297011473297,3470.511840187013,144.49421562456286,9720.112658997621
train,Soy,2833,19.4937692567692,223.49928327151574,35.327619566647286,654.9951679501683,57.32380001217784,1587.0083837341517,79.36055564424835,3025.9816645001993,144.2606038126437,8932.898914021262
val,Soy,603,20.102056144427632,243.0931808668869,41.12142452040126,825.4861600706354,59.966171798813384,1660.999840972945,81.1352128547721,3245.7540483549237,168.77016630513396,13987.373900148266
test,Sugar beet,922,21.50121714253893,207.50181399679278,41.90761881971829,751.6409046995686,79.3445465042391,2390.241024747491,191.10667701251992,13944.97275240958,435.27123103927005,68427.79032139182
train,Sugar beet,4311,22.69309723731189,256.2463842537254,45.47058094477198,871.7531365472823,83.89278872465745,2855.494400655385,188.82763852734146,13524.724511969835,372.1894668250045,54548.80134572089
val,Sugar beet,928,22.727124957316402,254.38317497130484,44.2455276462642,800.6086967810988,73.52521051535213,2143.007439604902,187.29266671036538,12738.630470447242,448.2556421318956,74176.56988155693
test,Sunflower,283,26.415071006332905,411.0026162683964,58.76982047061385,2085.753455804661,94.66352201836557,4472.512064099312,134.28149695862527,8486.00344017893,430.6677444145133,97179.01341186448
train,Sunflower,1314,24.979791765758165,374.45830767275766,52.306205982943595,1592.120223959355,84.82555753947932,3815.5019333846867,128.95553022393682,8110.369929019362,365.51306486427524,60397.199354386255
val,Sunflower,282,20.137483686540936,248.5746986525449,58.22616780649411,1927.7445438564755,82.54050151645686,3816.983086971566,124.37808095819734,7822.27658577649,431.24471162806833,81657.60560386766
test,Thistle,1303,16.52950832479287,164.0626885693695,26.190897088441922,366.25716827169526,39.54716475298831,764.9651185423136,84.80865431231997,2728.26689713262,272.97498505684473,21778.104308220743
train,Thistle,6094,16.88110528854513,166.8228453608463,28.270726795860632,409.9995347558288,49.57298710939236,1033.999247431755,109.45817058050791,3977.625954732299,277.74894602353555,23310.66885735299
val,Thistle,1305,15.999743995391876,162.09693490792998,23.916467958091015,327.5039359815419,42.26119013505607,862.5063995011151,90.34347755118219,2894.994622580707,241.8989971010059,17670.385105907913
